{
  "timestamp": "2025-06-25T17:41:00.789166",
  "description": "Demo model comparison results",
  "model_results": [
    {
      "model_name": "xlm-roberta-base",
      "model_path": "models/xlm-roberta-base_finetuned",
      "overall_precision": 0.6338329690435069,
      "overall_recall": 0.6831947499642885,
      "overall_f1": 0.663684550776394,
      "overall_accuracy": 0.7232243415964612,
      "entity_metrics": {
        "PRICE": {
          "precision": 0.6366840008231477,
          "recall": 0.6182856472856134,
          "f1": 0.7103423826224233,
          "support": 109
        },
        "LOCATION": {
          "precision": 0.612093515844581,
          "recall": 0.5462862973532283,
          "f1": 0.7600938363142811,
          "support": 44
        },
        "CONTACT_INFO": {
          "precision": 0.7103376702649503,
          "recall": 0.7742113278379809,
          "f1": 0.482283315585001,
          "support": 7
        }
      },
      "inference_time_total": 6.897114362827326,
      "inference_time_avg": 0.6897114362827326,
      "num_parameters": 270000000,
      "test_samples": 10
    },
    {
      "model_name": "bert-base-multilingual-cased",
      "model_path": "models/bert-base-multilingual-cased_finetuned",
      "overall_precision": 0.6405882450765279,
      "overall_recall": 0.7176653162877622,
      "overall_f1": 0.6777170059411288,
      "overall_accuracy": 0.6763643001252961,
      "entity_metrics": {
        "PRICE": {
          "precision": 0.5908173954341545,
          "recall": 0.7772437302438974,
          "f1": 0.658616081455866,
          "support": 94
        },
        "LOCATION": {
          "precision": 0.5885833758638701,
          "recall": 0.7550200162895022,
          "f1": 0.6449132422808506,
          "support": 47
        },
        "CONTACT_INFO": {
          "precision": 0.4736800992615996,
          "recall": 0.8228203939207361,
          "f1": 0.48933018986049703,
          "support": 6
        }
      },
      "inference_time_total": 5.429882952277637,
      "inference_time_avg": 0.5429882952277637,
      "num_parameters": 110000000,
      "test_samples": 10
    },
    {
      "model_name": "distilbert-base-multilingual-cased",
      "model_path": "models/distilbert-base-multilingual-cased_finetuned",
      "overall_precision": 0.7080988224777283,
      "overall_recall": 0.7087860588555194,
      "overall_f1": 0.7011741152783267,
      "overall_accuracy": 0.7724169638883218,
      "entity_metrics": {
        "PRICE": {
          "precision": 0.6131845065433481,
          "recall": 0.6538116733996379,
          "f1": 0.7787459154000657,
          "support": 101
        },
        "LOCATION": {
          "precision": 0.7786216896852638,
          "recall": 0.7030346736009053,
          "f1": 0.7275944721547407,
          "support": 48
        },
        "CONTACT_INFO": {
          "precision": 0.8239846420081567,
          "recall": 0.5212652525646166,
          "f1": 0.5962302475296348,
          "support": 8
        }
      },
      "inference_time_total": 2.7705382173256146,
      "inference_time_avg": 0.27705382173256143,
      "num_parameters": 66000000,
      "test_samples": 10
    }
  ],
  "comparison_summary": {
    "evaluation_summary": {
      "total_models_evaluated": 3,
      "best_model": "distilbert-base-multilingual-cased",
      "best_f1_score": 0.7011741152783267
    },
    "model_results": [
      {
        "model_name": "xlm-roberta-base",
        "model_path": "models/xlm-roberta-base_finetuned",
        "overall_precision": 0.6338329690435069,
        "overall_recall": 0.6831947499642885,
        "overall_f1": 0.663684550776394,
        "overall_accuracy": 0.7232243415964612,
        "entity_metrics": {
          "PRICE": {
            "precision": 0.6366840008231477,
            "recall": 0.6182856472856134,
            "f1": 0.7103423826224233,
            "support": 109
          },
          "LOCATION": {
            "precision": 0.612093515844581,
            "recall": 0.5462862973532283,
            "f1": 0.7600938363142811,
            "support": 44
          },
          "CONTACT_INFO": {
            "precision": 0.7103376702649503,
            "recall": 0.7742113278379809,
            "f1": 0.482283315585001,
            "support": 7
          }
        },
        "inference_time_total": 6.897114362827326,
        "inference_time_avg": 0.6897114362827326,
        "num_parameters": 270000000,
        "test_samples": 10
      },
      {
        "model_name": "bert-base-multilingual-cased",
        "model_path": "models/bert-base-multilingual-cased_finetuned",
        "overall_precision": 0.6405882450765279,
        "overall_recall": 0.7176653162877622,
        "overall_f1": 0.6777170059411288,
        "overall_accuracy": 0.6763643001252961,
        "entity_metrics": {
          "PRICE": {
            "precision": 0.5908173954341545,
            "recall": 0.7772437302438974,
            "f1": 0.658616081455866,
            "support": 94
          },
          "LOCATION": {
            "precision": 0.5885833758638701,
            "recall": 0.7550200162895022,
            "f1": 0.6449132422808506,
            "support": 47
          },
          "CONTACT_INFO": {
            "precision": 0.4736800992615996,
            "recall": 0.8228203939207361,
            "f1": 0.48933018986049703,
            "support": 6
          }
        },
        "inference_time_total": 5.429882952277637,
        "inference_time_avg": 0.5429882952277637,
        "num_parameters": 110000000,
        "test_samples": 10
      },
      {
        "model_name": "distilbert-base-multilingual-cased",
        "model_path": "models/distilbert-base-multilingual-cased_finetuned",
        "overall_precision": 0.7080988224777283,
        "overall_recall": 0.7087860588555194,
        "overall_f1": 0.7011741152783267,
        "overall_accuracy": 0.7724169638883218,
        "entity_metrics": {
          "PRICE": {
            "precision": 0.6131845065433481,
            "recall": 0.6538116733996379,
            "f1": 0.7787459154000657,
            "support": 101
          },
          "LOCATION": {
            "precision": 0.7786216896852638,
            "recall": 0.7030346736009053,
            "f1": 0.7275944721547407,
            "support": 48
          },
          "CONTACT_INFO": {
            "precision": 0.8239846420081567,
            "recall": 0.5212652525646166,
            "f1": 0.5962302475296348,
            "support": 8
          }
        },
        "inference_time_total": 2.7705382173256146,
        "inference_time_avg": 0.27705382173256143,
        "num_parameters": 66000000,
        "test_samples": 10
      }
    ],
    "comparison_table": [
      {
        "Model": "distilbert-base-multilingual-cased",
        "F1 Score": 0.7011741152783267,
        "Precision": 0.7080988224777283,
        "Recall": 0.7087860588555194,
        "Accuracy": 0.7724169638883218,
        "Avg Inference Time (s)": 0.27705382173256143,
        "Parameters (M)": 66.0
      },
      {
        "Model": "bert-base-multilingual-cased",
        "F1 Score": 0.6777170059411288,
        "Precision": 0.6405882450765279,
        "Recall": 0.7176653162877622,
        "Accuracy": 0.6763643001252961,
        "Avg Inference Time (s)": 0.5429882952277637,
        "Parameters (M)": 110.0
      },
      {
        "Model": "xlm-roberta-base",
        "F1 Score": 0.663684550776394,
        "Precision": 0.6338329690435069,
        "Recall": 0.6831947499642885,
        "Accuracy": 0.7232243415964612,
        "Avg Inference Time (s)": 0.6897114362827326,
        "Parameters (M)": 270.0
      }
    ]
  }
}