Model,F1 Score,Precision,Recall,Accuracy,Avg Inference Time (s),Parameters (M)
distilbert-base-multilingual-cased,0.7011741152783267,0.7080988224777283,0.7087860588555194,0.7724169638883218,0.27705382173256143,66.0
bert-base-multilingual-cased,0.6777170059411288,0.6405882450765279,0.7176653162877622,0.6763643001252961,0.5429882952277637,110.0
xlm-roberta-base,0.663684550776394,0.6338329690435069,0.6831947499642885,0.7232243415964612,0.6897114362827326,270.0
